ticker,filed_date,fiscal_end,surprise,seasonal_change,source_accn,source_concept
CVX,2010-05-05,2010-03-31,2.3400979008779705,0.0160715554187483,0000950123-10-044204,NetIncomeLoss
AAPL,2010-07-21,2010-06-26,2.1716798667467563,0.0220162224797219,0001193125-10-162840,NetIncomeLoss
AMZN,2010-07-23,2010-06-30,0.8406209866284384,0.0052432040009679,0001193125-10-164083,NetIncomeLoss
BA,2010-07-28,2010-06-30,-0.1312860589822344,-0.0033095443494627,0001193125-10-168724,NetIncomeLoss
CVX,2010-08-05,2010-06-30,1.2169770781524951,0.0213338301910961,0000950123-10-073101,NetIncomeLoss
BAC,2010-08-06,2010-06-30,-0.0602288069277584,-4.272640127790013e-05,0000950123-10-074181,NetIncomeLoss
CAT,2010-08-26,2010-06-30,0.745852736513127,0.0057149660673889,0001104659-10-046030,NetIncomeLoss
BA,2010-10-20,2010-09-30,1.6861105143233206,0.036812731900279,0001193125-10-232425,NetIncomeLoss
AMZN,2010-10-22,2010-09-30,0.4132119424449102,0.0022595678576472,0001193125-10-233883,NetIncomeLoss
AAPL,2010-10-27,2010-09-25,2.527381302959185,0.023622361438091,0001193125-10-238044,NetIncomeLoss
CAT,2010-11-04,2010-09-30,0.7644252853080373,0.0062944096557541,0001104659-10-055930,NetIncomeLoss
BAC,2010-11-05,2010-09-30,-4.3541709012197485,-0.002691844114102,0000950123-10-101545,NetIncomeLoss
CVX,2010-11-05,2010-09-30,-0.0168116958244973,-0.0003555324804316,0000950123-10-101589,NetIncomeLoss
COST,2010-12-17,2010-11-21,1.098542297018326,0.0017663095649502,0001193125-10-283424,NetIncomeLoss
AAPL,2011-01-19,2010-12-25,3.4089179345909333,0.0302736851813423,0001193125-11-010144,NetIncomeLoss
AMZN,2011-01-28,2010-12-31,0.3257852030653289,0.0017023993190402,0001193125-11-016253,NetIncomeLoss
BA,2011-02-09,2010-12-31,-0.0592215459547158,-0.0015168088674979,0001193125-11-028490,NetIncomeLoss
CAT,2011-02-22,2010-12-31,1.3874468650412584,0.011496407372696,0001104659-11-008938,NetIncomeLoss
CVX,2011-02-24,2010-12-31,0.6175310828912137,0.0120420633331348,0000950123-10-101589;0000950123-11-017688,NetIncomeLoss
BAC,2011-02-25,2010-12-31,-0.39622832838221,-0.0004635947846028,0000950123-10-101545;0000950123-11-018743,NetIncomeLoss
COST,2011-03-17,2011-02-13,1.349655396543316,0.001905428526987,0001193125-11-069779,NetIncomeLoss
AAPL,2011-04-21,2011-03-26,3.2533331576069338,0.030694175166484,0001193125-11-104388,NetIncomeLoss
AMZN,2011-04-27,2011-03-31,-1.1515569991700338,-0.0058049994076531,0001193125-11-110197,NetIncomeLoss
BA,2011-04-27,2011-03-31,0.0415654113021587,0.0009744037230948,0001193125-11-111215,NetIncomeLoss
CVX,2011-05-05,2011-03-31,0.4432814260721266,0.0085192260290855,0000950123-11-045356,NetIncomeLoss
CAT,2011-05-09,2011-03-31,1.6584389328544875,0.0149426845617364,0001104659-11-027403,NetIncomeLoss
COST,2011-06-09,2011-05-08,0.5263474168212365,0.0006673092607696,0001193125-11-161386,NetIncomeLoss
AAPL,2011-07-20,2011-06-25,3.9505304509777392,0.037983101968939,0001193125-11-192493,NetIncomeLoss
AMZN,2011-07-27,2011-06-30,-0.145687254664341,-0.0008918120506103,0001193125-11-197823,NetIncomeLoss
BA,2011-07-27,2011-06-30,0.0983626018548497,0.0021353596139713,0001193125-11-198584,NetIncomeLoss
BAC,2011-08-04,2011-06-30,-4.942571237536773,-0.0052840842004157,0000950123-11-072937,NetIncomeLoss
CAT,2011-08-04,2011-06-30,0.4269518503818046,0.0041841572591052,0001104659-11-043575,NetIncomeLoss
CVX,2011-08-04,2011-06-30,0.6266307215372037,0.0115161339896984,0000950123-11-072688,NetIncomeLoss
GS,2011-08-09,2011-06-30,0.2412146927623848,0.0005059183913075,0000950123-11-074589,NetIncomeLoss
COST,2011-10-14,2011-08-28,1.3390440257851193,0.0017189193228952,0001193125-11-271844,NetIncomeLoss
AAPL,2011-10-26,2011-09-24,2.3837240233147927,0.0198932723788572,0001193125-11-282113,NetIncomeLoss
AMZN,2011-10-26,2011-09-30,-1.478230478183889,-0.008817046289493,0001193125-11-280739,NetIncomeLoss
BA,2011-10-26,2011-09-30,0.1621145233453287,0.0035192751102301,0001193125-11-281613,NetIncomeLoss
BAC,2011-11-03,2011-09-30,3.144580349552629,0.0060960665480882,0000070858-11-000140,NetIncomeLoss
CVX,2011-11-03,2011-09-30,1.2864768479514324,0.0198972067477057,0001193125-11-294378,NetIncomeLoss
CAT,2011-11-04,2011-09-30,0.5617962122921762,0.004487764733113,0001104659-11-060986,NetIncomeLoss
GS,2011-11-09,2011-09-30,-1.2579245110899009,-0.0024143516396198,0000950123-11-096618,NetIncomeLoss
COST,2011-12-16,2011-11-20,0.2399133845609775,0.0002856734752178,0001193125-11-344028,NetIncomeLoss
AAPL,2012-01-25,2011-12-31,5.0,0.0509081993928512,0001193125-12-023398,NetIncomeLoss
AMZN,2012-02-01,2011-12-31,-1.3305183004139467,-0.0094548619352796,0001193125-12-032846,NetIncomeLoss
BA,2012-02-09,2011-12-31,0.2003417264235041,0.0028630010251794,0001193125-12-048565,NetIncomeLoss
BAC,2012-02-23,2011-12-31,0.4704873751019434,0.0015194598895467,0000070858-11-000140;0000070858-12-000155,NetIncomeLoss
CVX,2012-02-23,2011-12-31,-0.0757142896548895,-0.0008211042897925,0000950123-12-002976;0001193125-11-294378,NetIncomeLoss
COST,2012-03-15,2012-02-12,1.4439077570213243,0.0016720584493475,0001193125-12-115279,NetIncomeLoss
AAPL,2012-04-25,2012-03-31,3.660151385257063,0.0373341990538911,0001193125-12-182321,NetIncomeLoss
BA,2012-04-25,2012-03-31,0.3214115419291176,0.0042017330590362,0001193125-12-181463,NetIncomeLoss
AMZN,2012-04-27,2012-03-31,-0.5040087308103267,-0.0034908304243079,0001193125-12-187203,NetIncomeLoss
BAC,2012-05-03,2012-03-31,-0.1948164003533632,-0.0006399416167877,0000070858-12-000191,NetIncomeLoss
CVX,2012-05-03,2012-03-31,0.1449305348610651,0.0012099213551119,0001193125-12-207154,NetIncomeLoss
GS,2012-05-10,2012-03-31,-0.3521972520703982,-0.0006583015399628,0001193125-12-222707,NetIncomeLoss
COST,2012-06-06,2012-05-06,1.9720898913601672,0.0022273315131484,0001193125-12-261925,NetIncomeLoss
AAPL,2012-07-25,2012-06-30,0.9042067126045948,0.0093065514193104,0001193125-12-314552,NetIncomeLoss
BA,2012-07-25,2012-06-30,0.0248460057257604,0.0003186469759176,0000012927-12-000012,NetIncomeLoss
AMZN,2012-07-27,2012-06-30,-1.625471957457836,-0.0087527352297593,0001193125-12-317409,NetIncomeLoss
BAC,2012-08-02,2012-06-30,1.5961550862516487,0.0052243233462325,0000070858-12-000308,NetIncomeLoss
CVX,2012-08-02,2012-06-30,-0.2731646098874336,-0.0023794437936174,0001193125-12-330913,NetIncomeLoss
GS,2012-08-09,2012-06-30,-0.0771103673045557,-0.00013176786087,0001193125-12-344636,NetIncomeLoss
COST,2012-10-19,2012-09-02,5.0,0.0048268238761974,0001193125-12-428890,NetIncomeLoss
BA,2012-10-24,2012-09-30,-0.0630117497278581,-0.0007889640662729,0000012927-12-000024,NetIncomeLoss
AMZN,2012-10-26,2012-09-30,-3.0847839287337515,-0.0147586931768415,0001193125-12-436012,NetIncomeLoss
AAPL,2012-10-31,2012-09-29,0.7164359616542567,0.0090876045074518,0001193125-12-444068,NetIncomeLoss
BAC,2012-11-02,2012-09-30,-0.7166790990568357,-0.0027200181703861,0000070858-12-000362,NetIncomeLoss
CVX,2012-11-06,2012-09-30,-1.4222734177866456,-0.0113548205092037,0000093410-12-000003,NetIncomeLoss
GS,2012-11-08,2012-09-30,1.2516442526207328,0.0020069384233365,0001193125-12-458820,NetIncomeLoss
COST,2012-12-21,2012-11-25,2.41170683887108,0.0032738805715649,0001193125-12-512914,NetIncomeLoss
AAPL,2013-01-24,2012-12-29,0.0048828931251818,7.139651585002652e-05,0001193125-13-022339,NetIncomeLoss
AMZN,2013-01-30,2012-12-31,0.4652621097489811,0.0024573798187682,0001193125-13-028520,NetIncomeLoss
BA,2013-02-11,2012-12-31,-2.2686983693616782,-0.0046683765298776,0000012927-13-000014,NetIncomeLoss
CAT,2013-02-19,2012-12-31,-5.0,-0.0095125117507498,0000018230-13-000075,NetIncomeLossAvailableToCommonStockholdersBasic
CVX,2013-02-22,2012-12-31,0.9132076370946628,0.009107999759638,0000093410-12-000003;0000093410-13-000003,NetIncomeLoss
BAC,2013-02-28,2012-12-31,-0.1438294226132641,-0.0005696899601533,0000070858-12-000362;0000070858-13-000097,NetIncomeLoss
COST,2013-03-20,2013-02-17,3.650197374908126,0.0052597201691361,0001193125-13-117085,NetIncomeLoss
AAPL,2013-04-24,2013-03-30,-0.6053670196134946,-0.0106550684748617,0001193125-13-168288,NetIncomeLoss
BA,2013-04-24,2013-03-31,0.7083226705716319,0.0020232843543732,0000012927-13-000023,NetIncomeLoss
AMZN,2013-04-26,2013-03-31,-0.3104323875797263,-0.0016915107305211,0001193125-13-174667,NetIncomeLoss
CAT,2013-05-02,2013-03-31,-1.105589764828308,-0.0079555570580214,0000018230-13-000239,NetIncomeLossAvailableToCommonStockholdersBasic
CVX,2013-05-02,2013-03-31,-0.1269541985648173,-0.0012341518891369,0000093410-13-000010,NetIncomeLoss
BAC,2013-05-07,2013-03-31,0.1000843047693417,0.0003816409549484,0000070858-13-000147,NetIncomeLoss
GS,2013-05-09,2013-03-31,0.0961434064000207,0.0001574190777327,0001193125-13-208066,NetIncomeLoss
COST,2013-06-11,2013-05-12,1.3346127016305505,0.0024328467639805,0001445305-13-001463,NetIncomeLoss
AAPL,2013-07-24,2013-06-29,-0.4541856826194649,-0.0096269313906012,0001193125-13-300670,NetIncomeLoss
BA,2013-07-24,2013-06-30,0.4569401169778254,0.0013139177552638,0000012927-13-000035,NetIncomeLoss
AMZN,2013-07-26,2013-06-30,-0.0832121976094094,-0.0004726057455355,0001193125-13-303204,NetIncomeLoss
BAC,2013-08-01,2013-06-30,0.1920959389457655,0.0007295179247593,0000070858-13-000216,NetIncomeLoss
CAT,2013-08-02,2013-06-30,-1.0742538845768803,-0.0084577968526466,0000018230-13-000363,NetIncomeLossAvailableToCommonStockholdersBasic
CVX,2013-08-07,2013-06-30,-0.7752834777287422,-0.0075599881990428,0000093410-13-000028,NetIncomeLoss
GS,2013-08-08,2013-06-30,0.7798498398400544,0.001032547077327,0001193125-13-324664,NetIncomeLoss
COST,2013-10-16,2013-09-01,0.1580898504998347,0.0002641746194234,0001445305-13-002422,NetIncomeLoss
BA,2013-10-23,2013-09-30,0.4668694713700279,0.0013314594274724,0000012927-13-000041,NetIncomeLoss
AMZN,2013-10-25,2013-09-30,1.2758995299898344,0.0073130159128715,0001445305-13-002495,NetIncomeLoss
AAPL,2013-10-30,2013-09-28,-0.1571580949087494,-0.0034347826086956,0001193125-13-416534,NetIncomeLoss
BAC,2013-10-30,2013-09-30,0.3380328006073017,0.001014269840919,0000070858-13-000248,NetIncomeLoss
CAT,2013-11-01,2013-09-30,-1.068057731083385,-0.0086281969016408,0000018230-13-000443,NetIncomeLossAvailableToCommonStockholdersBasic
GS,2013-11-07,2013-09-30,0.0040953170546649,5.415809614795125e-06,0001193125-13-430752,NetIncomeLoss
CVX,2013-11-08,2013-09-30,-0.1251166261563285,-0.0012225728096579,0000093410-13-000045,NetIncomeLoss
COST,2013-12-20,2013-11-24,0.1494981751458997,0.0002784739626844,0000909832-13-000011,NetIncomeLoss
AAPL,2014-01-28,2013-12-28,-0.001189599463373,-2.6644877078300413e-05,0001193125-14-024487,NetIncomeLoss
AMZN,2014-01-31,2013-12-31,0.4968272804929718,0.0035359446201349,0001018724-14-000006,NetIncomeLoss
BA,2014-02-14,2013-12-31,1.0242992601457224,0.0027519074495753,0000012927-14-000004,NetIncomeLoss
CAT,2014-02-18,2013-12-31,0.4469227177734616,0.0036044101017715,0000018230-14-000058,NetIncomeLossAvailableToCommonStockholdersBasic
CVX,2014-02-21,2013-12-31,-1.5131366258784875,-0.0091230448507012,0000093410-13-000045;0000093410-14-000011,NetIncomeLoss
BAC,2014-02-25,2013-12-31,0.5647390311808271,0.001287653887007,0000070858-13-000248;0000070858-14-000012,NetIncomeLoss
GS,2014-02-28,2013-12-31,-0.4767838321667165,-0.0006143671963023,0001193125-13-430752;0001193125-14-073792,NetIncomeLoss
COST,2014-03-14,2014-02-16,-1.4276503527537094,-0.0026610910473294,0000909832-14-000008,NetIncomeLoss
BA,2014-04-23,2014-03-31,-0.5756306461938931,-0.0015397215397215,0000012927-14-000022,NetIncomeLoss
AAPL,2014-04-24,2014-03-29,0.2135835741749286,0.0032817286359951,0001193125-14-157311,NetIncomeLoss
AMZN,2014-04-25,2014-03-31,0.1010749675419491,0.0007149928500714,0001018724-14-000014,NetIncomeLoss
BAC,2014-05-01,2014-03-31,-0.3606884665860017,-0.0008181962377857,0000070858-14-000056,NetIncomeLoss
CAT,2014-05-02,2014-03-31,0.0651767090488436,0.0004976480206642,0000018230-14-000177,NetIncomeLossAvailableToCommonStockholdersBasic
CVX,2014-05-02,2014-03-31,-0.9874179997431046,-0.0064514130375854,0000093410-14-000024,NetIncomeLoss
GS,2014-05-09,2014-03-31,-0.1915210646816336,-0.000247907258659,0001193125-14-190498,NetIncomeLoss
COST,2014-06-05,2014-05-11,0.1631861831617582,0.0004281214641754,0000909832-14-000015,NetIncomeLoss
AAPL,2014-07-23,2014-06-28,0.5057294046025068,0.0038108934028401,0001193125-14-277160,NetIncomeLoss
BA,2014-07-23,2014-06-30,2.5491378166129666,0.006092498139901,0000012927-14-000042,NetIncomeLoss
AMZN,2014-07-25,2014-06-30,-0.4421296484936682,-0.0031400073882526,0001018724-14-000025,NetIncomeLoss
BAC,2014-07-29,2014-06-30,-0.347291969439849,-0.0007928840385209,0000070858-14-000088,NetIncomeLoss
CAT,2014-08-01,2014-06-30,0.0606000542197054,0.0004440547895294,0000018230-14-000285,NetIncomeLossAvailableToCommonStockholdersBasic
CVX,2014-08-06,2014-06-30,0.178349016430302,0.0011448415348508,0000093410-14-000042,NetIncomeLoss
GS,2014-08-07,2014-06-30,0.13650684571477,0.0001232681407675,0001193125-14-298671,NetIncomeLoss
COST,2014-10-15,2014-08-31,0.9050499748316232,0.002422480620155,0000909832-14-000021,NetIncomeLoss
BA,2014-10-22,2014-09-30,0.6876481810057111,0.0022017635694472,0000012927-14-000057,NetIncomeLoss
AMZN,2014-10-24,2014-09-30,-1.499741596894243,-0.0097973725228234,0001018724-14-000055,NetIncomeLoss
AAPL,2014-10-27,2014-09-27,0.6103190458181951,0.0041192379194182,0001193125-14-383437,NetIncomeLoss
CAT,2014-10-31,2014-09-30,0.1328471645113292,0.0008403560268913,0000018230-14-000386,NetIncomeLossAvailableToCommonStockholdersBasic
GS,2014-11-05,2014-09-30,0.9947843383994308,0.0008332057822639,0001193125-14-396758,NetIncomeLoss
BAC,2014-11-06,2014-09-30,-0.9770584499509828,-0.001285074069522,0000070858-14-000139,NetIncomeLoss
CVX,2014-11-07,2014-09-30,0.3645192400830674,0.0024224751441994,0000093410-14-000049,NetIncomeLoss
COST,2014-12-18,2014-11-23,0.8530508406163344,0.0020512524196111,0000909832-14-000026,NetIncomeLoss
AAPL,2015-01-28,2014-12-27,3.223418531470498,0.0189084133275294,0001193125-15-023697,NetIncomeLoss
AMZN,2015-01-30,2014-12-31,-0.0901218161349425,-0.0004586735161911,0001018724-15-000006,NetIncomeLoss
BA,2015-02-12,2014-12-31,0.7427710296449569,0.0023488376781789,0000012927-15-000011,NetIncomeLoss
CAT,2015-02-17,2014-12-31,-0.5334924574470047,-0.0029050200162964,0000018230-15-000061,NetIncomeLossAvailableToCommonStockholdersBasic
CVX,2015-02-20,2014-12-31,-0.9099205059462456,-0.005484426334268,0000093410-14-000049;0000093410-15-000010,NetIncomeLoss
GS,2015-02-23,2014-12-31,-0.2315141816939142,-0.0001938708773241,0001193125-14-396758;0001193125-15-056785,NetIncomeLoss
BAC,2015-02-25,2014-12-31,-0.1898069318160212,-0.0001848390189942,0000070858-14-000139;0000070858-15-000008,NetIncomeLoss
COST,2015-03-11,2015-02-15,1.739320197374904,0.0040178571428571,0000909832-15-000003,NetIncomeLoss
BA,2015-04-22,2015-03-31,1.8062899449559555,0.0037944259780107,0000012927-15-000019,NetIncomeLoss
AMZN,2015-04-24,2015-03-31,-0.6615849432035866,-0.0032950574138791,0001018724-15-000038,NetIncomeLoss
AAPL,2015-04-28,2015-03-28,1.3692519295663577,0.0128104014640458,0001193125-15-153166,NetIncomeLoss
BAC,2015-04-29,2015-03-31,1.781656630696255,0.0016948559512396,0000070858-15-000048,NetIncomeLoss
CAT,2015-05-01,2015-03-31,0.4673623279101349,0.0022911868105224,0000018230-15-000161,NetIncomeLossAvailableToCommonStockholdersBasic
GS,2015-05-05,2015-03-31,1.7000420292441718,0.0009370760915029,0001193125-15-169551,NetIncomeLoss
CVX,2015-05-07,2015-03-31,-1.6891217203670783,-0.0072142846545303,0000093410-15-000020,NetIncomeLoss
COST,2015-06-04,2015-05-10,0.6319826781496721,0.0012839270251709,0000909832-15-000008,NetIncomeLoss
AAPL,2015-07-22,2015-06-27,1.2020377530984094,0.0107230066886081,0001193125-15-259935,NetIncomeLoss
BA,2015-07-22,2015-06-30,-2.530725534851596,-0.0055350553505535,0000012927-15-000055,NetIncomeLoss
AMZN,2015-07-24,2015-06-30,0.8204496574228081,0.0041571319603356,0001018724-15-000087,NetIncomeLoss
BAC,2015-07-29,2015-06-30,1.261617700286015,0.0014094704876702,0000070858-15-000078,NetIncomeLoss
CAT,2015-07-31,2015-06-30,-0.7471101325310097,-0.0035140196006906,0000018230-15-000266,NetIncomeLossAvailableToCommonStockholdersBasic
GS,2015-08-03,2015-06-30,-1.8551731984930424,-0.0011501618250939,0001193125-15-273233,NetIncomeLoss
CVX,2015-08-05,2015-06-30,-4.3922002289560576,-0.0191176746542568,0000093410-15-000031,NetIncomeLoss
COST,2015-10-14,2015-08-30,1.0637232752028112,0.0020933014354066,0000909832-15-000014,NetIncomeLoss
BA,2015-10-21,2015-09-30,0.9751218096898768,0.0034546152447524,0000012927-15-000068,NetIncomeLoss
AMZN,2015-10-23,2015-09-30,1.7143239813240485,0.0091765961230659,0001018724-15-000126,NetIncomeLoss
AAPL,2015-10-28,2015-09-26,1.248433721348422,0.0091469607097242,0001193125-15-356351,NetIncomeLoss
BAC,2015-10-30,2015-09-30,1.8555844748916177,0.0022015730564615,0000070858-15-000103,NetIncomeLoss
CAT,2015-10-30,2015-09-30,-2.0938890131342327,-0.0082184148210057,0000018230-15-000324,NetIncomeLossAvailableToCommonStockholdersBasic
GS,2015-11-03,2015-09-30,-1.332917656028488,-0.0009255484300313,0001193125-15-362853,NetIncomeLoss
CVX,2015-11-06,2015-09-30,-1.936642247225462,-0.0132464639465969,0000093410-15-000038,NetIncomeLoss
COST,2015-12-18,2015-11-22,-0.2285169733700254,-0.0004513271840004,0000909832-15-000017,NetIncomeLoss
AAPL,2016-01-27,2015-12-26,0.1850246848118812,0.00114905688684,0001193125-16-439878,NetIncomeLoss
AMZN,2016-01-29,2015-12-31,0.7123699437859693,0.004095104211234,0001018724-16-000172,NetIncomeLoss
BA,2016-02-10,2015-12-31,-1.2899313520094156,-0.004660621981188,0000012927-16-000099,NetIncomeLoss
CAT,2016-02-16,2015-12-31,-2.821290031409091,-0.0107520032612711,0000018230-16-000410,NetIncomeLossAvailableToCommonStockholdersBasic
GS,2016-02-22,2015-12-31,-2.137751616773208,-0.0016264315441812,0001193125-15-362853;0001193125-16-470289,NetIncomeLoss
BAC,2016-02-24,2015-12-31,-0.1196439011790977,-0.0001618231641231,0000070858-15-000103;0000070858-16-000137,NetIncomeLoss
CVX,2016-02-25,2015-12-31,-2.163403336659521,-0.0152534920688605,0000093410-15-000038;0000093410-16-000049,NetIncomeLoss
COST,2016-03-09,2016-02-14,-0.7864542973089733,-0.0016055329134247,0000909832-16-000023,NetIncomeLoss
AAPL,2016-04-27,2016-03-26,-1.6645813754873144,-0.0100007534141124,0001193125-16-559625,NetIncomeLoss
BA,2016-04-27,2016-03-31,-0.3038922548341803,-0.0012780320491113,0000012927-16-000113,NetIncomeLoss
AMZN,2016-04-29,2016-03-31,1.607894292359574,0.0093246957204554,0001018724-16-000227,NetIncomeLoss
BAC,2016-05-02,2016-03-31,-0.1446243375719956,-0.0001908031945121,0000070858-16-000166,NetIncomeLoss
CAT,2016-05-02,2016-03-31,-2.655821927206216,-0.0124382239135709,0000018230-16-000512,NetIncomeLossAvailableToCommonStockholdersBasic
CVX,2016-05-05,2016-03-31,-1.6398250181187128,-0.0124771643635205,0000093410-16-000056,NetIncomeLoss
GS,2016-05-06,2016-03-31,-2.123982379295854,-0.0019463894418907,0001193125-16-580382,NetIncomeLoss
COST,2016-06-01,2016-05-08,0.481758336947404,0.000856139107844,0000909832-16-000028,NetIncomeLoss
AAPL,2016-07-27,2016-06-25,-1.0811665656850211,-0.00942729432399,0001628280-16-017809,NetIncomeLoss
BA,2016-07-27,2016-06-30,-3.583023963892037,-0.0149984934548985,0000012927-16-000143,NetIncomeLoss
AMZN,2016-07-29,2016-06-30,1.7679895555516134,0.0117554858934169,0001018724-16-000286,NetIncomeLoss
BAC,2016-08-01,2016-06-30,-0.3264381776962903,-0.0004125108787167,0000070858-16-000200,NetIncomeLoss
CAT,2016-08-03,2016-06-30,-0.5765183146813025,-0.0032183908045977,0000018230-16-000630,NetIncomeLossAvailableToCommonStockholdersBasic
CVX,2016-08-04,2016-06-30,-1.0082140843531695,-0.0078056280069451,0000093410-16-000070,NetIncomeLoss
GS,2016-08-04,2016-06-30,0.79308194784496,0.0008630273080126,0001193125-16-670394,NetIncomeLoss
COST,2016-10-12,2016-08-28,0.2062880395037021,0.0003618490486385,0000909832-16-000032,NetIncomeLoss
AAPL,2016-10-26,2016-09-24,-0.6326896971812698,-0.0065591912610433,0001628280-16-020309,NetIncomeLoss
BA,2016-10-26,2016-09-30,1.0065211298947736,0.0064643057897695,0000012927-16-000153,NetIncomeLoss
AMZN,2016-10-28,2016-09-30,0.3344625882760315,0.0024401596682511,0001018724-16-000324,NetIncomeLoss
BAC,2016-11-01,2016-09-30,0.1252922135015676,0.0001530532762055,0000070858-16-000222,NetIncomeLoss
CAT,2016-11-02,2016-09-30,-0.6839683669898119,-0.0036124708777257,0000018230-16-000715,NetIncomeLossAvailableToCommonStockholdersBasic
CVX,2016-11-03,2016-09-30,-0.4330328396192366,-0.0029015288825265,0000093410-16-000083,NetIncomeLoss
GOOGL,2016-11-03,2016-09-30,2.3392233083126386,0.0067646985270212,0001652044-16-000038,NetIncomeLoss
GS,2016-11-03,2016-09-30,0.645499923788854,0.0007591021230995,0001193125-16-757421,NetIncomeLoss
COST,2016-12-16,2016-11-20,1.0330420570300125,0.0017792620168619,0000909832-16-000040,NetIncomeLoss
AAPL,2017-02-01,2016-12-31,-0.127749781394079,-0.0014193349660718,0001628280-17-000717,NetIncomeLoss
GOOGL,2017-02-03,2016-12-31,0.9437921943838185,0.002447805035314,0001652044-16-000038;0001652044-17-000008,NetIncomeLoss
BA,2017-02-08,2016-12-31,0.9659463930902832,0.0067224463037656,0000012927-17-000006,NetIncomeLoss
AMZN,2017-02-10,2016-12-31,0.6185825646377376,0.003201362077648,0001018724-17-000011,NetIncomeLoss
CAT,2017-02-15,2016-12-31,-2.98828982425477,-0.0144168986935103,0000018230-17-000041,NetIncomeLossAvailableToCommonStockholdersBasic
BAC,2017-02-23,2016-12-31,0.6254175312737336,0.0006454261137942,0000070858-16-000222;0000070858-17-000013,NetIncomeLoss
CVX,2017-02-23,2016-12-31,0.7053992513016399,0.0038565353470881,0000093410-16-000083;0000093410-17-000013,NetIncomeLoss
GS,2017-02-27,2016-12-31,1.5785328826523732,0.0018391820174036,0001193125-16-757421;0001193125-17-056804,NetIncomeLoss
COST,2017-03-09,2017-02-12,-0.5109173023069669,-0.000870053325849,0000909832-17-000004,NetIncomeLoss
BA,2017-04-26,2017-03-31,0.347637145697646,0.002587177857326,0000012927-17-000024,NetIncomeLoss
AMZN,2017-04-28,2017-03-31,0.5420013734334832,0.0026059356049846,0001018724-17-000051,NetIncomeLoss
BAC,2017-05-02,2017-03-31,0.6240239796322387,0.0006157402608265,0000070858-17-000025,NetIncomeLoss
GOOGL,2017-05-02,2017-03-31,2.668091303696217,0.007056194864433,0001652044-17-000014,NetIncomeLoss
AAPL,2017-05-03,2017-04-01,0.1666317137757504,0.0015334855858333,0001628280-17-004790,NetIncomeLoss
CAT,2017-05-03,2017-03-31,-0.1801492108439225,-0.0010187107506221,0000018230-17-000145,NetIncomeLossAvailableToCommonStockholdersBasic
CVX,2017-05-04,2017-03-31,1.789063650742869,0.0131488049523177,0000093410-17-000019,NetIncomeLoss
GS,2017-05-04,2017-03-31,0.8858044869487163,0.0012526997357027,0001193125-17-156659,NetIncomeLoss
COST,2017-06-01,2017-05-07,3.3069749840415827,0.0043501445370604,0000909832-17-000009,NetIncomeLoss
GOOGL,2017-07-25,2017-06-30,-2.9920246653021545,-0.0075746972640395,0001652044-17-000026,NetIncomeLoss
BA,2017-07-26,2017-06-30,3.0153191732655955,0.0221578035452485,0000012927-17-000044,NetIncomeLoss
AMZN,2017-07-28,2017-06-30,-2.061374905133176,-0.0075187113384445,0001018724-17-000100,NetIncomeLoss
BAC,2017-07-31,2017-06-30,0.2406486347901399,0.0002155660894137,0000070858-17-000037,NetIncomeLoss
AAPL,2017-08-02,2017-07-01,0.3391376806603218,0.0026682272367769,0000320193-17-000009,NetIncomeLoss
CAT,2017-08-02,2017-06-30,0.6444028607626754,0.0032097821933511,0000018230-17-000245,NetIncomeLossAvailableToCommonStockholdersBasic
CVX,2017-08-03,2017-06-30,1.056669698687845,0.0114690159819952,0000093410-17-000033,NetIncomeLoss
GS,2017-08-04,2017-06-30,0.0068331758077674,9.928098504387116e-06,0001193125-17-247803,NetIncomeLoss
COST,2017-10-18,2017-09-03,2.015311716603251,0.0038517621811978,0000909832-17-000014,NetIncomeLoss
BA,2017-10-25,2017-09-30,-0.4398992572478734,-0.0046809586075796,0000012927-17-000073,NetIncomeLoss
AMZN,2017-10-27,2017-09-30,0.0057857984999848,3.470203961237822e-05,0001018724-17-000135,NetIncomeLoss
GOOGL,2017-10-27,2017-09-30,1.718990101645158,0.0088162670943778,0001652044-17-000042,NetIncomeLoss
BAC,2017-10-30,2017-09-30,0.3352179680887484,0.0002767201308641,0000070858-17-000046,NetIncomeLoss
CAT,2017-11-01,2017-09-30,1.614240559658121,0.0098778004073319,0000018230-17-000305,NetIncomeLossAvailableToCommonStockholdersBasic
CVX,2017-11-02,2017-09-30,0.2331628161119023,0.0026218843078852,0000093410-17-000046,NetIncomeLoss
AAPL,2017-11-03,2017-09-30,0.683338770366309,0.0045294802554626,0000320193-17-000070,NetIncomeLoss
GS,2017-11-03,2017-09-30,0.0262664711391552,3.655395148215522e-05,0001193125-17-331475,NetIncomeLoss
COST,2017-12-21,2017-11-26,1.114943910110917,0.002412514602062,0000909832-17-000022,NetIncomeLoss
AAPL,2018-02-02,2017-12-30,0.9388076324375852,0.0053442282826197,0000320193-18-000007,NetIncomeLoss
AMZN,2018-02-02,2017-12-31,1.4478304500923336,0.0084304318026045,0001018724-18-000005,NetIncomeLoss
GOOGL,2018-02-06,2017-12-31,-5.0,-0.0423376162599153,0001652044-17-000042;0001652044-18-000007,NetIncomeLoss
BA,2018-02-12,2017-12-31,1.487625153454656,0.01625637637681,0000012927-18-000007,NetIncomeLoss
CAT,2018-02-15,2017-12-31,-0.2009477633199275,-0.0016631584418284,0000018230-18-000042,NetIncomeLossAvailableToCommonStockholdersBasic
BAC,2018-02-22,2017-12-31,-2.4117367142368176,-0.0009170475277854,0000070858-17-000046;0000070858-18-000009,NetIncomeLoss
CVX,2018-02-22,2017-12-31,1.008135512187983,0.0106222863131683,0000093410-17-000046;0000093410-18-000010,NetIncomeLoss
GS,2018-02-26,2017-12-31,-3.485109909602027,-0.0046630801853451,0001193125-17-331475;0001193125-18-056383,NetIncomeLoss
COST,2018-03-15,2018-02-18,2.267545001278662,0.0048058290055034,0000909832-18-000002,NetIncomeLoss
GOOGL,2018-04-24,2018-03-31,1.1188470427274233,0.019208930340445,0001652044-18-000016,NetIncomeLoss
BA,2018-04-25,2018-03-31,0.6755348817554024,0.0079084800394543,0000012927-18-000018,NetIncomeLoss
AMZN,2018-04-27,2018-03-31,1.1725067342889284,0.0071619632484449,0001018724-18-000072,NetIncomeLoss
BAC,2018-04-30,2018-03-31,1.2795455819941115,0.0006789842978975,0000070858-18-000020,NetIncomeLoss
AAPL,2018-05-02,2018-03-31,1.2231220138607026,0.0075999586396808,0000320193-18-000070,NetIncomeLoss
CAT,2018-05-02,2018-03-31,2.4093382245519774,0.0188812264465352,0000018230-18-000136,NetIncomeLossAvailableToCommonStockholdersBasic
CVX,2018-05-03,2018-03-31,0.3957658410208934,0.003727938481216,0000093410-18-000016,NetIncomeLoss
GS,2018-05-04,2018-03-31,0.2799294357767907,0.0005926854196305,0001193125-18-151188,NetIncomeLoss
COST,2018-06-07,2018-05-13,0.6205370203727426,0.0012624668602449,0000909832-18-000008,NetIncomeLoss
GOOGL,2018-07-24,2018-06-30,-0.0833489792461839,-0.0015547469401257,0001652044-18-000027,NetIncomeLoss
BA,2018-07-25,2018-06-30,0.3419724154083101,0.0039489376739255,0000012927-18-000048,NetIncomeLoss
AMZN,2018-07-27,2018-06-30,2.968232036402215,0.0174272930648769,0001018724-18-000108,NetIncomeLoss
BAC,2018-07-30,2018-06-30,1.3010364032010844,0.0007322171167751,0000070858-18-000030,NetIncomeLoss
AAPL,2018-08-01,2018-06-30,1.3482588162332874,0.0080241239185903,0000320193-18-000100,NetIncomeLoss
CVX,2018-08-02,2018-06-30,1.0427052956263094,0.0075951133839157,0000093410-18-000029,NetIncomeLoss
GS,2018-08-03,2018-06-30,0.3768106324723118,0.0007577869317888,0001193125-18-236920,NetIncomeLoss
CAT,2018-08-07,2018-06-30,1.152899746877146,0.0114575816273564,0000018230-18-000229,NetIncomeLossAvailableToCommonStockholdersBasic
BA,2018-10-24,2018-09-30,0.583491780797325,0.0048229968864197,0000012927-18-000065,NetIncomeLoss
AMZN,2018-10-26,2018-09-30,2.5389254078363095,0.0182817773756915,0001018724-18-000159,NetIncomeLoss
COST,2018-10-26,2018-09-02,1.517642809254576,0.0030369826108253,0000909832-18-000013,NetIncomeLoss
GOOGL,2018-10-26,2018-09-30,0.6004348322360635,0.0111041898003954,0001652044-18-000035,NetIncomeLoss
BAC,2018-10-29,2018-09-30,1.3737949861497951,0.000745243461162,0000070858-18-000042,NetIncomeLoss
CAT,2018-10-31,2018-09-30,0.8219582866047245,0.0085412164840363,0000018230-18-000293,NetIncomeLossAvailableToCommonStockholdersBasic
GS,2018-11-02,2018-09-30,0.2062794623509788,0.0004137109664747,0001193125-18-317325,NetIncomeLoss
AAPL,2018-11-05,2018-09-29,1.910886761625015,0.0093266798824253,0000320193-18-000145,NetIncomeLoss
CVX,2018-11-08,2018-09-30,1.5095419655653524,0.0081642673982681,0000093410-18-000035,NetIncomeLoss
COST,2018-12-20,2018-11-25,1.5582444095841756,0.0028986168804491,0000909832-18-000022,NetIncomeLoss
AAPL,2019-01-30,2018-12-29,-0.0734463586605714,-0.0002675807224144,0000320193-19-000010,NetIncomeLoss
AMZN,2019-02-01,2018-12-31,0.8305119500897665,0.0071995966750282,0001018724-19-000004,NetIncomeLoss
GOOGL,2019-02-05,2018-12-31,2.732967710036163,0.0514107013986734,0001652044-18-000035;0001652044-19-000004,NetIncomeLoss
BA,2019-02-08,2018-12-31,0.1065087729985526,0.0008861697867227,0000012927-19-000010,NetIncomeLoss
CAT,2019-02-14,2018-12-31,2.930860757998513,0.0298946617585245,0000018230-19-000034,NetIncomeLossAvailableToCommonStockholdersBasic
CVX,2019-02-22,2018-12-31,0.6179732330791384,0.0024383230325017,0000093410-18-000035;0000093410-19-000008,NetIncomeLoss
BAC,2019-02-26,2018-12-31,3.7283148853336736,0.0020866363956446,0000070858-18-000042;0000070858-19-000012,NetIncomeLoss
GS,2019-02-26,2018-12-31,2.405610164869074,0.0047928945820759,0001193125-18-317325;0001193125-19-050198,NetIncomeLoss
COST,2019-03-13,2019-02-17,2.395928963524569,0.0043926259959344,0000909832-19-000003,NetIncomeLoss
BA,2019-04-24,2019-03-31,-0.315655628091711,-0.0027285810546631,0000012927-19-000030,NetIncomeLoss
AMZN,2019-04-26,2019-03-31,1.2634273619441867,0.0108477164770749,0001018724-19-000043,NetIncomeLoss
BAC,2019-04-26,2019-03-31,0.1998101146217608,0.0001653230488094,0000070858-19-000026,NetIncomeLoss
GOOGL,2019-04-30,2019-03-31,-0.42492903067602,-0.0111840684086749,0001652044-19-000015,NetIncomeLoss
AAPL,2019-05-01,2019-03-30,-1.9559246509594892,-0.0066111497728056,0000320193-19-000066,NetIncomeLoss
CVX,2019-05-02,2019-03-31,-0.9243706024008757,-0.0038511111370707,0000093410-19-000014,NetIncomeLoss
CAT,2019-05-06,2019-03-31,0.2595186691446108,0.0027436933160582,0000018230-19-000153,NetIncomeLossAvailableToCommonStockholdersBasic
GS,2019-05-06,2019-03-31,-0.2446396670294348,-0.000627871213996,0001193125-19-137184,NetIncomeLoss
COST,2019-06-06,2019-05-12,2.9844379058258528,0.0035655512890839,0000909832-19-000013,NetIncomeLoss
BA,2019-07-24,2019-06-30,-4.42543182764289,-0.0406934841320756,0000012927-19-000063,NetIncomeLoss
AMZN,2019-07-26,2019-06-30,0.0558285653980254,0.0004755658449655,0001018724-19-000071,NetIncomeLoss
GOOGL,2019-07-26,2019-06-30,0.9736040377454724,0.026262052656349,0001652044-19-000023,NetIncomeLoss
BAC,2019-07-29,2019-06-30,0.2809513718472258,0.0002354029313508,0000070858-19-000042,NetIncomeLoss
AAPL,2019-07-31,2019-06-29,-0.874101228282134,-0.0045773478691281,0000320193-19-000076,NetIncomeLoss
CAT,2019-08-01,2019-06-30,-0.1088871222601613,-0.0010986651849419,0000018230-19-000224,NetIncomeLossAvailableToCommonStockholdersBasic
GS,2019-08-05,2019-06-30,-0.0594535587769623,-0.000152396595206,0001193125-19-212578,NetIncomeLoss
CVX,2019-08-07,2019-06-30,0.6878458101836636,0.0035016687640203,0000093410-19-000029,NetIncomeLoss
COST,2019-10-11,2019-09-01,1.0488597327572584,0.0011894273127753,0000909832-19-000019,NetIncomeLoss
BA,2019-10-23,2019-09-30,-0.5301434786204965,-0.0090197438875397,0000012927-19-000077,NetIncomeLoss
AMZN,2019-10-25,2019-09-30,-0.5564008189912257,-0.00376194757382,0001018724-19-000089,NetIncomeLoss
BAC,2019-10-28,2019-09-30,-0.6844860247466616,-0.0005728816772656,0000070858-19-000057,NetIncomeLoss
GOOGL,2019-10-29,2019-09-30,-0.2921735976376021,-0.0080746947278782,0001652044-19-000032,NetIncomeLoss
AAPL,2019-10-31,2019-09-28,-0.2149989613873938,-0.0012968367817178,0000320193-19-000119,NetIncomeLoss
CAT,2019-10-31,2019-09-30,-0.2811115327124274,-0.0029874475914505,0000018230-19-000281,NetIncomeLossAvailableToCommonStockholdersBasic
GS,2019-11-01,2019-09-30,-0.2503770763756839,-0.0006422983758884,0001193125-19-280752,NetIncomeLoss
CVX,2019-11-07,2019-09-30,-1.2813158693132245,-0.0057184733586188,0000093410-19-000038,NetIncomeLoss
COST,2019-12-23,2019-11-24,1.136364912868853,0.0014971515234002,0000909832-19-000033,NetIncomeLoss
AAPL,2020-01-29,2019-12-28,1.082308511490482,0.0066672929792318,0000320193-20-000010,NetIncomeLoss
AMZN,2020-01-31,2019-12-31,0.1417771762009914,0.0010699318084955,0001018724-20-000004,NetIncomeLoss
BA,2020-01-31,2019-12-31,-1.930607855423096,-0.0331824134705332,0000012927-20-000014,NetIncomeLoss
GOOGL,2020-02-04,2019-12-31,0.2216012203463129,0.0062448126012562,0001652044-19-000032;0001652044-20-000008,NetIncomeLoss
BAC,2020-02-19,2019-12-31,-0.1269257885963295,-0.0001166765745894,0000070858-19-000057;0000070858-20-000011,NetIncomeLoss
CAT,2020-02-19,2019-12-31,0.0551697985695253,0.0006373242578359,0000018230-20-000056,NetIncomeLossAvailableToCommonStockholdersBasic
CVX,2020-02-21,2019-12-31,-5.0,-0.0435500446451134,0000093410-19-000038;0000093410-20-000010,NetIncomeLoss
GS,2020-02-21,2019-12-31,-0.2423496103967068,-0.0006253977973106,0001193125-19-280752;0001193125-20-043853,NetIncomeLoss
COST,2020-03-12,2020-02-16,0.611880318452297,0.0008609733098273,0000909832-20-000004,NetIncomeLoss
BA,2020-04-29,2020-03-31,-1.055055155817859,-0.0194094006639874,0000012927-20-000045,NetIncomeLoss
GOOGL,2020-04-29,2020-03-31,0.0318068691320879,0.0006547111772731,0001652044-20-000021,NetIncomeLoss
AAPL,2020-05-01,2020-03-28,-0.1552176146204005,-0.0009737827715355,0000320193-20-000052,NetIncomeLoss
AMZN,2020-05-01,2020-03-31,-0.5826135842942848,-0.0046375396631681,0001018724-20-000010,NetIncomeLoss
BAC,2020-05-01,2020-03-31,-1.5934201399873786,-0.0012599457853076,0000070858-20-000023,NetIncomeLoss
GS,2020-05-01,2020-03-31,-0.528377595227923,-0.0009525067996872,0001193125-20-129324,NetIncomeLoss
DIS,2020-05-05,2020-03-28,-2.8328523925572213,-0.0241984740225115,0001744489-20-000102,NetIncomeLoss
CAT,2020-05-06,2020-03-31,-0.9202786354883228,-0.0103960787414024,0000018230-20-000155,NetIncomeLossAvailableToCommonStockholdersBasic
CVX,2020-05-06,2020-03-31,0.2371860061474307,0.0040139092518495,0000093410-20-000020,NetIncomeLoss
COST,2020-06-04,2020-05-10,-1.0083253575717477,-0.0013144668677027,0000909832-20-000009,NetIncomeLoss
BA,2020-07-29,2020-06-30,0.1994460803267254,0.0034751215678569,0000012927-20-000065,NetIncomeLoss
AAPL,2020-07-31,2020-06-27,0.6375583982995849,0.0038097458908944,0000320193-20-000062,NetIncomeLoss
AMZN,2020-07-31,2020-06-30,1.123639559971596,0.01013495203512,0001018724-20-000021,NetIncomeLoss
BAC,2020-07-31,2020-06-30,-1.396484040290216,-0.0013914785343919,0000070858-20-000040,NetIncomeLoss
GOOGL,2020-07-31,2020-06-30,-0.519342174091969,-0.0107292130474124,0001652044-20-000032,NetIncomeLoss
DIS,2020-08-04,2020-06-27,-2.444420620530984,-0.0312113229536381,0001744489-20-000151,NetIncomeLoss
CAT,2020-08-05,2020-06-30,-1.2475213722542131,-0.0151764490766136,0000018230-20-000214,NetIncomeLossAvailableToCommonStockholdersBasic
CVX,2020-08-05,2020-06-30,-3.3226747329097557,-0.05628841152536,0000093410-20-000039,NetIncomeLoss
GS,2020-08-07,2020-06-30,-0.954175982625122,-0.0017940943809279,0001193125-20-212201,NetIncomeLoss
COST,2020-10-07,2020-08-30,2.8839984467670052,0.0052559579523363,0000909832-20-000017,NetIncomeLoss
BA,2020-10-28,2020-09-30,-0.5771511004671643,-0.0100210218217671,0000012927-20-000076,NetIncomeLoss
AAPL,2020-10-30,2020-09-26,-0.5728009620671577,-0.0031276243639776,0000320193-20-000096,NetIncomeLoss
AMZN,2020-10-30,2020-09-30,1.8605254074110993,0.0148735377189656,0001018724-20-000030,NetIncomeLoss
BAC,2020-10-30,2020-09-30,-0.2908895953150777,-0.000327192150894,0000070858-20-000071,NetIncomeLoss
GOOGL,2020-10-30,2020-09-30,0.6469755142574948,0.0139652389529579,0001652044-20-000050,NetIncomeLoss
GS,2020-11-02,2020-09-30,0.6526504285493749,0.0013161858171703,0001193125-20-282987,NetIncomeLoss
CAT,2020-11-04,2020-09-30,-0.7884192493438955,-0.010763477150415,0000018230-20-000297,NetIncomeLossAvailableToCommonStockholdersBasic
CVX,2020-11-05,2020-09-30,-0.5117977913301318,-0.0124942280880289,0000093410-20-000050,NetIncomeLoss
DIS,2020-11-25,2020-10-03,-0.565065759114674,-0.0087522141017817,0001744489-20-000197,NetIncomeLoss
COST,2020-12-16,2020-11-22,2.4974941974699365,0.0053473271667469,0000909832-20-000026,NetIncomeLoss
AAPL,2021-01-28,2020-12-26,4.25579999768116,0.0184124455591519,0000320193-21-000010,NetIncomeLoss
BA,2021-02-01,2020-12-31,-3.03383036201264,-0.0487064205710679,0000012927-21-000011,NetIncomeLoss
AMZN,2021-02-03,2020-12-31,1.7009363893483973,0.0123102788025965,0001018724-21-000004,NetIncomeLoss
GOOGL,2021-02-03,2020-12-31,0.6579930895980891,0.0142546055266319,0001652044-20-000050;0001652044-21-000010,NetIncomeLoss
DIS,2021-02-11,2021-01-02,-0.7318454718845334,-0.0103522745284514,0001744489-21-000047,NetIncomeLoss
CAT,2021-02-17,2020-12-31,-0.2913205919968917,-0.0040600582197027,0000018230-21-000063,NetIncomeLossAvailableToCommonStockholdersBasic
GS,2021-02-22,2020-12-31,1.0782645563112834,0.0022260857004302,0001193125-20-282987;0001193125-21-049380,NetIncomeLoss
BAC,2021-02-24,2020-12-31,-0.4983211581961093,-0.0005404970231878,0000070858-20-000071;0000070858-21-000023,NetIncomeLoss
CVX,2021-02-25,2020-12-31,1.073108208848847,0.0247925267942783,0000093410-20-000050;0000093410-21-000009,NetIncomeLoss
COST,2021-03-10,2021-02-14,0.1517772105246983,0.0003641793218981,0000909832-21-000003,NetIncomeLoss
BA,2021-04-28,2021-03-31,0.0321204972256059,0.000606525144133,0000012927-21-000040,NetIncomeLoss
GOOGL,2021-04-28,2021-03-31,2.4797176843431568,0.0339167520139409,0001652044-21-000020,NetIncomeLoss
AAPL,2021-04-29,2021-03-27,4.54908094954472,0.0367216557222429,0000320193-21-000056,NetIncomeLoss
BAC,2021-04-29,2021-03-31,2.2604647752921827,0.0013602730243044,0000070858-21-000063,NetIncomeLoss
AMZN,2021-04-30,2021-03-31,2.2349448674871977,0.0172466625603184,0001018724-21-000010,NetIncomeLoss
GS,2021-05-04,2021-03-31,3.322007662176215,0.0043202402062774,0001193125-21-148444,NetIncomeLoss
CAT,2021-05-05,2021-03-31,0.861490893499407,0.005425559588252,0000018230-21-000151,NetIncomeLossAvailableToCommonStockholdersBasic
CVX,2021-05-06,2021-03-31,-0.3472565763218241,-0.00919530716547,0000093410-21-000015,NetIncomeLoss
DIS,2021-05-13,2021-04-03,0.1681337629545914,0.0022022471910112,0001744489-21-000108,NetIncomeLoss
COST,2021-06-03,2021-05-09,2.788310008899914,0.00666969305444,0000909832-21-000008,NetIncomeLoss
AAPL,2021-07-28,2021-06-26,2.2547597582247714,0.0318063303419839,0000320193-21-000065,NetIncomeLoss
BA,2021-07-28,2021-06-30,1.0281164109971834,0.0198945848860241,0000012927-21-000073,NetIncomeLoss
GOOGL,2021-07-28,2021-06-30,2.1957963021972184,0.0344855346211987,0001652044-21-000047,NetIncomeLoss
AMZN,2021-07-30,2021-06-30,0.8120632357141324,0.0070354324917642,0001018724-21-000020,NetIncomeLoss
BAC,2021-07-30,2021-06-30,2.155154143808884,0.0018782835307109,0000070858-21-000084,NetIncomeLoss
CAT,2021-08-04,2021-06-30,1.712372482734004,0.0116895357234659,0000018230-21-000221,NetIncomeLossAvailableToCommonStockholdersBasic
GS,2021-08-04,2021-06-30,1.8226076665191056,0.0036839246009501,0001193125-21-235309,NetIncomeLoss
CVX,2021-08-05,2021-06-30,1.775330900864325,0.0467533751225258,0000093410-21-000036,NetIncomeLoss
DIS,2021-08-12,2021-07-03,2.5007830565740155,0.027885333372894,0001744489-21-000181,NetIncomeLoss
COST,2021-10-06,2021-08-29,1.6526927040880728,0.0047411756765877,0000909832-20-000017;0000909832-21-000008;0000909832-21-000014,NetIncomeLoss
BA,2021-10-27,2021-09-30,0.1069715433232028,0.0023153507756425,0000012927-21-000094,NetIncomeLoss
GOOGL,2021-10-27,2021-09-30,1.290050843520468,0.0221327967806841,0001652044-21-000057,NetIncomeLoss
AAPL,2021-10-29,2021-09-25,1.435138072765289,0.0224443165566008,0000320193-20-000096;0000320193-21-000065;0000320193-21-000105,NetIncomeLoss
AMZN,2021-10-29,2021-09-30,-0.9912911798562314,-0.0083026939953871,0001018724-21-000028,NetIncomeLoss
BAC,2021-10-29,2021-09-30,0.7807238945319419,0.0009107273308299,0000070858-21-000107,NetIncomeLoss
GS,2021-11-01,2021-09-30,0.6080342327401445,0.0013934022990098,0001193125-21-313689,NetIncomeLoss
CAT,2021-11-03,2021-09-30,1.045298789401796,0.009383046147752,0000018230-21-000260,NetIncomeLossAvailableToCommonStockholdersBasic
CVX,2021-11-04,2021-09-30,0.7877317681892912,0.0263307049860803,0000093410-21-000046,NetIncomeLoss
DIS,2021-11-24,2021-10-02,0.2401544031732191,0.0042679842246659,0001744489-20-000197;0001744489-21-000181;0001744489-21-000220,NetIncomeLoss
COST,2021-12-22,2021-11-21,0.8451481819042422,0.0024630157913607,0000909832-21-000021,NetIncomeLoss
AAPL,2022-01-28,2021-12-25,1.0202112830173906,0.0154122211699646,0000320193-22-000007,NetIncomeLoss
BA,2022-01-31,2021-12-31,1.388388638917447,0.0308692765171199,0000012927-21-000011;0000012927-21-000094;0000012927-22-000010,NetIncomeLoss
GOOGL,2022-02-02,2021-12-31,0.9584059065110566,0.0150723137045325,0001652044-21-000057;0001652044-22-000019,NetIncomeLoss
AMZN,2022-02-04,2021-12-31,1.816436092635036,0.0168850716563349,0001018724-21-000004;0001018724-21-000028;0001018724-22-000005,NetIncomeLoss
DIS,2022-02-09,2022-01-01,0.29376970402482,0.0053464888766471,0001744489-22-000059,NetIncomeLoss
CAT,2022-02-16,2021-12-31,1.6147055630347036,0.0161849431715241,0000018230-21-000063;0000018230-21-000260;0000018230-22-000050,NetIncomeLossAvailableToCommonStockholdersBasic
BAC,2022-02-22,2021-12-31,0.405063133544755,0.0004868283433165,0000070858-21-000107;0000070858-22-000062,NetIncomeLoss
CVX,2022-02-24,2021-12-31,0.6747460571448962,0.0238796000584465,0000093410-21-000046;0000093410-22-000019,NetIncomeLoss
GS,2022-02-25,2021-12-31,-0.1771314675898209,-0.0003900305193758,0001193125-21-313689;0001193125-22-052682,NetIncomeLoss
COST,2022-03-10,2022-02-13,1.924856425976148,0.0055169789784076,0000909832-22-000005,NetIncomeLoss
BA,2022-04-27,2022-03-31,-0.2059837320327433,-0.0050220543294968,0000012927-22-000022,NetIncomeLoss
GOOGL,2022-04-27,2022-03-31,-0.2720050437986145,-0.0041837489078567,0001652044-22-000029,NetIncomeLoss
AAPL,2022-04-29,2022-03-26,0.2663677271205417,0.0039354135891542,0000320193-22-000059,NetIncomeLoss
AMZN,2022-04-29,2022-03-31,-2.9941619831633526,-0.0290943527595936,0001018724-22-000013,NetIncomeLoss
BAC,2022-04-29,2022-03-31,-0.2513323329065635,-0.0003035615521228,0000070858-22-000088,NetIncomeLoss
GS,2022-05-02,2022-03-31,-0.8377981253882569,-0.0018226533731041,0001193125-22-134459,NetIncomeLoss
CAT,2022-05-04,2022-03-31,0.0071680303634928,8.507948855073168e-05,0000018230-22-000112,NetIncomeLossAvailableToCommonStockholdersBasic
CVX,2022-05-04,2022-03-31,0.6110614937914842,0.0196026468793164,0000093410-22-000028,NetIncomeLoss
DIS,2022-05-11,2022-04-02,-0.1144677620285206,-0.0021288891742774,0001744489-22-000100,NetIncomeLoss
COST,2022-06-02,2022-05-08,0.7357530169800693,0.0020829418029192,0000909832-22-000014,NetIncomeLoss
BA,2022-07-27,2022-06-30,-0.1238606776932727,-0.0029081997948021,0000012927-22-000058,NetIncomeLoss
GOOGL,2022-07-27,2022-06-30,-0.4405426766348405,-0.0071033405126905,0001652044-22-000071,NetIncomeLoss
AAPL,2022-07-29,2022-06-25,-0.486323783990304,-0.0068448956168285,0000320193-22-000070,NetIncomeLoss
AMZN,2022-07-29,2022-06-30,-1.4521265201212972,-0.0233627492090115,0001018724-22-000019,NetIncomeLoss
BAC,2022-07-29,2022-06-30,-0.8767845193523633,-0.0009567406670381,0000070858-22-000112,NetIncomeLoss
CAT,2022-08-03,2022-06-30,0.2894861510039823,0.0032056419297964,0000018230-22-000183,NetIncomeLossAvailableToCommonStockholdersBasic
CVX,2022-08-04,2022-06-30,1.0214005055587063,0.0331089882761615,0000093410-22-000066,NetIncomeLoss
GS,2022-08-04,2022-06-30,-0.6897163664706786,-0.0015981524134037,0001193125-22-211433,NetIncomeLoss
DIS,2022-08-10,2022-07-02,0.1433692433454839,0.0024059899840254,0001744489-22-000161,NetIncomeLoss
COST,2022-10-05,2022-08-28,1.4298206738958124,0.0030857463454165,0000909832-22-000014;0000909832-22-000021,NetIncomeLoss
BA,2022-10-26,2022-09-30,-0.9826952256767596,-0.0230157460852876,0000012927-22-000073,NetIncomeLoss
GOOGL,2022-10-26,2022-09-30,-0.9149345336781808,-0.0140291133410559,0001652044-22-000090,NetIncomeLoss
AAPL,2022-10-28,2022-09-24,0.0304831965077882,0.0004819208799308,0000320193-22-000070;0000320193-22-000108,NetIncomeLoss
AMZN,2022-10-28,2022-09-30,-0.0353745343974959,-0.0006629906480967,0001018724-22-000023,NetIncomeLoss
BAC,2022-10-28,2022-09-30,-0.1972658511244981,-0.0001981807076125,0000070858-22-000131,NetIncomeLoss
CAT,2022-11-02,2022-09-30,0.8675366906488712,0.0076013200341132,0000018230-22-000223,NetIncomeLossAvailableToCommonStockholdersBasic
CVX,2022-11-03,2022-09-30,0.973939135168192,0.0197123991760833,0000093410-22-000075,NetIncomeLoss
GS,2022-11-03,2022-09-30,-0.6500711245379766,-0.0014839388840831,0000886982-22-000002,NetIncomeLoss
DIS,2022-11-29,2022-10-01,0.0012522605715518,1.4732530901483566e-05,0001744489-22-000161;0001744489-22-000213,NetIncomeLoss
COST,2022-12-29,2022-11-20,0.2855287371067834,0.0006058127735623,0000909832-22-000035,NetIncomeLoss
BA,2023-01-27,2022-12-31,1.0441598378954275,0.0255944566010211,0000012927-22-000073;0000012927-23-000007,NetIncomeLoss
AAPL,2023-02-03,2022-12-31,-0.8750835467809629,-0.0133584428992896,0000320193-23-000006,NetIncomeLoss
AMZN,2023-02-03,2022-12-31,-1.6979513753055602,-0.0303560814826822,0001018724-22-000023;0001018724-23-000004,NetIncomeLoss
GOOGL,2023-02-03,2022-12-31,-1.0360858210664026,-0.0192135003723334,0001652044-22-000090;0001652044-23-000016,NetIncomeLoss
DIS,2023-02-08,2022-12-31,0.0791828473649849,0.0008658051493142,0001744489-23-000049,NetIncomeLoss
CAT,2023-02-15,2022-12-31,-1.2537841830942826,-0.0081276008933038,0000018230-22-000223;0000018230-23-000011,NetIncomeLossAvailableToCommonStockholdersBasic
BAC,2023-02-22,2022-12-31,0.0392396857421824,3.8998812010978654e-05,0000070858-22-000131;0000070858-23-000092,NetIncomeLoss
CVX,2023-02-23,2022-12-31,0.3194381888006951,0.0050366886682265,0000093410-22-000075;0000093410-23-000009,NetIncomeLoss
GS,2023-02-24,2022-12-31,-0.7356297077648517,-0.0018095448810825,0000886982-22-000002;0000886982-23-000003,NetIncomeLoss
COST,2023-03-09,2023-02-12,1.096175914662121,0.002498204882719,0000909832-23-000014,NetIncomeLoss
BA,2023-04-26,2023-03-31,0.3270748004009262,0.0059040536278759,0000012927-23-000029,NetIncomeLoss
GOOGL,2023-04-26,2023-03-31,-0.1746545832541234,-0.0037483998257061,0001652044-23-000045,NetIncomeLoss
AMZN,2023-04-28,2023-03-31,0.7699911837458635,0.0151083815340089,0001018724-23-000008,NetIncomeLoss
BAC,2023-05-01,2023-03-31,0.3638794110214435,0.0003424467791064,0000070858-23-000142,NetIncomeLoss
CAT,2023-05-03,2023-03-31,0.6485811543586741,0.0048536145082427,0000018230-23-000022,NetIncomeLossAvailableToCommonStockholdersBasic
CVX,2023-05-04,2023-03-31,0.0725418393947517,0.0012310169372298,0000093410-23-000066,NetIncomeLoss
GS,2023-05-04,2023-03-31,-0.180699712032891,-0.0004582835234397,0000886982-23-000005,NetIncomeLoss
AAPL,2023-05-05,2023-04-01,-0.1406735319925063,-0.002559007707129,0000320193-23-000064,NetIncomeLoss
DIS,2023-05-10,2023-04-01,0.4116227353351245,0.0039100254810649,0001744489-23-000099,NetIncomeLoss
COST,2023-06-01,2023-05-07,-0.3801391284950849,-0.0007640220517737,0000909832-23-000028,NetIncomeLoss
BA,2023-07-26,2023-06-30,-0.1416068983365577,-0.0025375814326205,0000012927-23-000048,NetIncomeLoss
GOOGL,2023-07-26,2023-06-30,0.3277826062088204,0.0061768360814945,0001652044-23-000070,NetIncomeLoss
BAC,2023-07-31,2023-06-30,0.4331536790285662,0.0003717343568995,0000070858-23-000176,NetIncomeLoss
CAT,2023-08-02,2023-06-30,1.9522983828067544,0.014620670279888,0000018230-23-000047,NetIncomeLossAvailableToCommonStockholdersBasic
CVX,2023-08-03,2023-06-30,-1.5285271493874095,-0.02228938870994,0000093410-23-000079,NetIncomeLoss
GS,2023-08-03,2023-06-30,-0.5600891024247477,-0.0010888476796916,0000886982-23-000008,NetIncomeLoss
AAPL,2023-08-04,2023-07-01,0.084799170381192,0.0013102991302479,0000320193-23-000077,NetIncomeLoss
AMZN,2023-08-04,2023-06-30,0.9539742828783808,0.0183791276091012,0001018724-23-000012,NetIncomeLoss
DIS,2023-08-09,2023-07-01,-0.9712031969605296,-0.0091715206862201,0001744489-23-000171,NetIncomeLoss
COST,2023-10-11,2023-09-03,2.0836863002378614,0.004232252079891,0000909832-23-000028;0000909832-23-000042,NetIncomeLoss
BA,2023-10-25,2023-09-30,0.705308491818579,0.0122057476485876,0000012927-23-000062,NetIncomeLoss
GOOGL,2023-10-25,2023-09-30,1.0299965798524076,0.0145672794553213,0001652044-23-000094,NetIncomeLoss
AMZN,2023-10-27,2023-09-30,0.6928701805027988,0.0143915478667359,0001018724-23-000018,NetIncomeLoss
BAC,2023-10-31,2023-09-30,0.3974778147312356,0.0002283474306156,0000070858-23-000272,NetIncomeLoss
CAT,2023-11-01,2023-09-30,1.0996381643391135,0.0086760147941606,0000018230-23-000056,NetIncomeLossAvailableToCommonStockholdersBasic
CVX,2023-11-02,2023-09-30,-0.9975548963902788,-0.0178268991046766,0000093410-23-000088,NetIncomeLoss
AAPL,2023-11-03,2023-09-30,0.5480750382754369,0.006338932960466,0000320193-23-000077;0000320193-23-000106,NetIncomeLoss
GS,2023-11-03,2023-09-30,-0.5902188441440349,-0.0006410284861392,0000886982-23-000011,NetIncomeLoss
DIS,2023-11-21,2023-09-30,0.1059604078589738,0.0004961596271992,0001744489-23-000171;0001744489-23-000216,NetIncomeLoss
COST,2023-12-20,2023-11-26,1.558222851000917,0.0030519647871085,0000909832-23-000065,NetIncomeLoss
BA,2024-01-31,2023-12-31,0.2544190783094034,0.0044594634046652,0000012927-23-000062;0000012927-24-000010,NetIncomeLoss
GOOGL,2024-01-31,2023-12-31,1.3963364539976098,0.0175525358357024,0001652044-23-000094;0001652044-24-000022,NetIncomeLoss
AAPL,2024-02-02,2023-12-30,1.2807031736719368,0.011083012271084,0000320193-24-000006,NetIncomeLoss
AMZN,2024-02-02,2023-12-31,0.8988095570614184,0.0196001166989356,0001018724-23-000018;0001018724-24-000008,NetIncomeLoss
DIS,2024-02-07,2023-12-30,0.7172991670153064,0.0031955666568911,0001744489-24-000081,NetIncomeLoss
CAT,2024-02-16,2023-12-31,1.7795321210538857,0.0139695459325986,0000018230-23-000056;0000018230-24-000009,NetIncomeLossAvailableToCommonStockholdersBasic
BAC,2024-02-20,2023-12-31,-2.628838521379165,-0.0012540285036779,0000070858-23-000272;0000070858-24-000122,NetIncomeLoss
GS,2024-02-23,2023-12-31,0.6927511244961649,0.000415449861537,0000886982-23-000011;0000886982-24-000006,NetIncomeLoss
CVX,2024-02-26,2023-12-31,-0.7833480890043248,-0.0156479329745596,0000093410-23-000088;0000093410-24-000013,NetIncomeLoss
COST,2024-03-13,2024-02-18,2.1205325919262212,0.0041765300122129,0000909832-24-000017,NetIncomeLoss
BA,2024-04-24,2024-03-31,0.0373085508968196,0.0005279438446209,0000012927-24-000025,NetIncomeLoss
GOOGL,2024-04-26,2024-03-31,1.6185860730441466,0.0211390695961703,0001652044-24-000053,NetIncomeLoss
BAC,2024-04-30,2024-03-31,-0.7519717366654148,-0.0004542118142111,0000070858-24-000156,NetIncomeLoss
AMZN,2024-05-01,2024-03-31,0.616742647583501,0.0136712312771555,0001018724-24-000083,NetIncomeLoss
CAT,2024-05-01,2024-03-31,1.460586817825282,0.0109026641668955,0000018230-24-000020,NetIncomeLossAvailableToCommonStockholdersBasic
CVX,2024-05-02,2024-03-31,-0.2018367844728845,-0.0041008824732181,0000093410-24-000021,NetIncomeLoss
AAPL,2024-05-03,2024-03-30,-0.2023595805769249,-0.0015530021250048,0000320193-24-000069,NetIncomeLoss
GS,2024-05-03,2024-03-31,0.6723928511764079,0.0005287204729045,0000886982-24-000016,NetIncomeLoss
DIS,2024-05-07,2024-03-30,-1.5920627532329668,-0.006616780277792,0001744489-24-000152,NetIncomeLoss
COST,2024-06-06,2024-05-12,3.2420588650209705,0.005580833738275,0000909832-24-000029,NetIncomeLoss
GOOGL,2024-07-24,2024-06-30,0.8357192860141419,0.0126600284495021,0001652044-24-000079,NetIncomeLoss
BAC,2024-07-30,2024-06-30,-0.2573513221690243,-0.0001568448825597,0000070858-24-000208,NetIncomeLoss
BA,2024-07-31,2024-06-30,-0.650246734649227,-0.0090386771300448,0000012927-24-000055,NetIncomeLoss
AAPL,2024-08-02,2024-06-29,0.6282829110245572,0.004725401975803,0000320193-24-000081,NetIncomeLoss
AMZN,2024-08-02,2024-06-30,0.6155432829120667,0.0121391158902559,0001018724-24-000130,NetIncomeLoss
GS,2024-08-02,2024-06-30,1.2373058725625758,0.0011050539129614,0000886982-24-000022,NetIncomeLoss
CAT,2024-08-07,2024-06-30,-0.3962271782171691,-0.0028919074589613,0000018230-24-000045,NetIncomeLossAvailableToCommonStockholdersBasic
CVX,2024-08-07,2024-06-30,-0.3144743550342178,-0.0060465615935912,0000093410-24-000040,NetIncomeLoss
DIS,2024-08-07,2024-06-29,3.287565789953211,0.0155785449912019,0001744489-24-000232,NetIncomeLoss
COST,2024-10-09,2024-09-01,1.3548640143093411,0.0027781357849665,0000909832-24-000029;0000909832-24-000049,NetIncomeLoss
BA,2024-10-23,2024-09-30,-2.2862061577330475,-0.0329278477795126,0000012927-24-000082,NetIncomeLoss
BAC,2024-10-29,2024-09-30,-0.5091589889334778,-0.000272539153438,0000070858-24-000280,NetIncomeLoss
GOOGL,2024-10-30,2024-09-30,1.0191357900890683,0.0153672379411805,0001652044-24-000118,NetIncomeLoss
AAPL,2024-11-01,2024-09-28,-3.099999530045878,-0.0225217820154529,0000320193-24-000081;0000320193-24-000123,NetIncomeLoss
AMZN,2024-11-01,2024-09-30,0.5614886701976991,0.0093204886542849,0001018724-24-000161,NetIncomeLoss
GS,2024-11-04,2024-09-30,0.5216078459525482,0.0005393268830146,0000886982-24-000025,NetIncomeLoss
CAT,2024-11-06,2024-09-30,-0.4764144588951634,-0.0038250669386714,0000018230-24-000053,NetIncomeLossAvailableToCommonStockholdersBasic
CVX,2024-11-07,2024-09-30,-0.5708415704034371,-0.0078655412911986,0000093410-24-000059,NetIncomeLoss
DIS,2024-11-14,2024-09-28,0.1340760048529681,0.0009988839001319,0001744489-24-000232;0001744489-24-000276,NetIncomeLoss
COST,2024-12-19,2024-11-24,1.3909907557646215,0.0028479546507508,0000909832-24-000079,NetIncomeLoss
AAPL,2025-01-31,2024-12-28,0.6375935457960362,0.007015708327884,0000320193-25-000008,NetIncomeLoss
BA,2025-02-03,2024-12-31,-1.443120760143971,-0.0245710302309369,0000012927-24-000082;0000012927-25-000015,NetIncomeLoss
DIS,2025-02-05,2024-12-28,0.4386600165649181,0.0032631974259817,0001744489-25-000067,NetIncomeLoss
GOOGL,2025-02-05,2024-12-31,0.96636935087934,0.0129903876905582,0001652044-24-000118;0001652044-25-000014,NetIncomeLoss
AMZN,2025-02-07,2024-12-31,0.9239897732183304,0.0150105457885657,0001018724-24-000161;0001018724-25-000004,NetIncomeLoss
CAT,2025-02-14,2024-12-31,0.1500983385375796,0.001310332254683,0000018230-24-000053;0000018230-25-000008,NetIncomeLossAvailableToCommonStockholdersBasic
CVX,2025-02-21,2024-12-31,0.40143863625952,0.0038141497170523,0000093410-24-000059;0000093410-25-000009,NetIncomeLoss
BAC,2025-02-25,2024-12-31,2.009733305976186,0.0010795583284966,0000070858-24-000280;0000070858-25-000139,NetIncomeLoss
GS,2025-02-27,2024-12-31,1.2734007898304462,0.0012547942328392,0000886982-24-000025;0000886982-25-000005,NetIncomeLoss
COST,2025-03-13,2025-02-16,0.3316346785127443,0.000614552605703,0000909832-25-000015,NetIncomeLoss
BA,2025-04-23,2025-03-31,0.12489072012971,0.0019553465308574,0000012927-25-000031,NetIncomeLoss
GOOGL,2025-04-25,2025-03-31,2.9699335494959533,0.0228830352522434,0001652044-25-000043,NetIncomeLoss
BAC,2025-04-30,2025-03-31,0.3116368333217504,0.0002155594514161,0000070858-25-000200,NetIncomeLoss
AAPL,2025-05-02,2025-03-29,0.3335250896720716,0.0034537621553408,0000320193-25-000057,NetIncomeLoss
AMZN,2025-05-02,2025-03-31,3.1916554719929686,0.0104095414578332,0001018724-25-000036,NetIncomeLoss
GS,2025-05-02,2025-03-31,0.4058655778560973,0.000343113191683,0000886982-25-000009,NetIncomeLoss
CAT,2025-05-07,2025-03-31,-1.3846472092734217,-0.0100383646762539,0000018230-25-000016,NetIncomeLossAvailableToCommonStockholdersBasic
DIS,2025-05-07,2025-03-29,2.251269671757088,0.0168255605541456,0001744489-25-000098,NetIncomeLoss
CVX,2025-05-08,2025-03-31,-0.8427719703738481,-0.00780430348249,0000093410-25-000019,NetIncomeLoss
COST,2025-06-05,2025-05-11,1.4394692030428533,0.0029410985400492,0000909832-25-000033,NetIncomeLoss
GOOGL,2025-07-24,2025-06-30,1.7378350196038037,0.0091165673743608,0001652044-25-000062,NetIncomeLoss
BA,2025-07-29,2025-06-30,0.348996231734242,0.0053378029912325,0000012927-25-000062,NetIncomeLoss
BAC,2025-07-31,2025-06-30,0.0930763891059424,6.364166314554878e-05,0000070858-25-000268,NetIncomeLoss
AAPL,2025-08-01,2025-06-28,0.5804484404975792,0.0059910405888474,0000320193-25-000073,NetIncomeLoss
AMZN,2025-08-01,2025-06-30,1.9132373083468144,0.0068589940923816,0001018724-25-000086,NetIncomeLoss
GS,2025-08-01,2025-06-30,0.4752050593773299,0.0003809504601937,0000886982-25-000022,NetIncomeLoss
CAT,2025-08-06,2025-06-30,-0.6029818271402551,-0.0055577082756711,0000018230-25-000040,NetIncomeLossAvailableToCommonStockholdersBasic
DIS,2025-08-06,2025-06-28,1.4504761408827866,0.0134325473521453,0001744489-25-000136,NetIncomeLoss
CVX,2025-08-07,2025-06-30,-0.9224241347146486,-0.0077505781038194,0000093410-25-000062,NetIncomeLoss
COST,2025-10-08,2025-08-31,2.2901807289071443,0.0033204062309498,0000909832-25-000033;0000909832-25-000101,NetIncomeLoss
BA,2025-10-29,2025-09-30,0.3511598355661719,0.0055524819527672,0001628280-25-047023,NetIncomeLoss
GOOGL,2025-10-30,2025-09-30,3.5435336099327333,0.0161761443811291,0001652044-25-000091,NetIncomeLoss
AAPL,2025-10-31,2025-09-27,3.3883080670435186,0.0354358216350583,0000320193-25-000073;0000320193-25-000079,NetIncomeLoss
AMZN,2025-10-31,2025-09-30,2.050594831027634,0.0080489503668667,0001018724-25-000123,NetIncomeLoss
BAC,2025-10-31,2025-09-30,0.6935603770760349,0.0004621419648407,0000070858-25-000405,NetIncomeLoss
GS,2025-10-31,2025-09-30,1.0725449658167552,0.0006128379596699,0000886982-25-001411,NetIncomeLoss
CAT,2025-11-03,2025-09-30,-0.2018668857833335,-0.0017498559569791,0000018230-25-000048,NetIncomeLossAvailableToCommonStockholdersBasic
CVX,2025-11-06,2025-09-30,-0.4337287569219226,-0.0029035133123635,0000093410-25-000108,NetIncomeLoss
DIS,2025-11-13,2025-09-27,0.5141182046256413,0.004318681207408,0001744489-25-000136;0001744489-25-000155,NetIncomeLoss
COST,2025-12-17,2025-11-23,1.7526038085143416,0.0024519869549462,0000909832-25-000169,NetIncomeLoss
